qid,score,time,user_effort,calculated_effort,execution_time
1,0.0,0,,100,10.351337599990075
2,0.0,0,,100,10.351337599990075
3,0.0,0,,100,10.351337599990075
4,0.0,0,,100,10.351337599990075
5,0.0,0,,100,10.351337599990075
6,0.0,0,,100,10.351337599990075
7,0.0,0,,100,10.351337599990075
