qid,score,time,user_effort,calculated_effort,execution_time
q1,1,45,Low,2.5,350
q2,0,34,Low,100,350
q3,1,70,Regular,3.8888888889,350
q4,0.0,122,Regular,100,350
q5,0.4,24,High,3.333333333,350
q6,1,55,Low,3.0555555556,350
q7,0.2,11,High,3.0555555556,350
