qid,score,time,user_effort,calculated_effort,execution_time
1,1,0,Low,0.2222222222222222,7.663464799996291
2,1,0,Regular,0.2222222222222222,7.663464799996291
3,1,0,High,0.3888888888888889,7.663464799996291
4,0.0,0,Regular,100,7.663464799996291
5,0.8,0,High,1.6666666666666667,7.663464799996291
6,1,0,Regular,0.2222222222222222,7.663464799996291
7,0.4,0,High,1.5277777777777777,7.663464799996291
